type,estimate,conf.low,conf.high,isotope_data
Difference in medians,1.6357281515161848,1.5328488910353197,1.7125246066059745,Song et al. 2019
Percentage Change,12.303219136084683,11.529407127603216,12.880847891185814,Song et al. 2019
Difference in medians,3.9233235818317604,3.809552237195188,4.024419827095395,Veizer & Prokoph 2015
Percentage Change,29.22653987886301,28.3790077618358,29.979649680329203,Veizer & Prokoph 2015
