type,estimate,conf.low,conf.high
All Data,0.11672529772813546,-0.10428192922941713,0.3267469354659216
Cool subset,-0.01069053506186116,-0.29694573311855776,0.27732766329512343
Paleozoic,0.015381855755695725,-0.3058052425785005,0.3334256491601876
Mesozoic,0.39471255172745684,0.040153230269168276,0.6609875100930875
Cenozoic,0.2048333163587379,-0.39018874463531217,0.6791676570080366
