Type,Model,AIC,BIC,logLik
Warming,Added effect,16691.47221027746,16723.473215161335,-8341.73610513873
Warming,Null model,16251.226495730554,16283.227500614428,-8121.613247865277
Cooling,Added effect,18932.41671405882,18964.769771762443,-9462.20835702941
Cooling,Null model,18192.070583938923,18224.423641642545,-9092.035291969461
